{"schemaVersion":"1.0","appDefinitionTemplate":{"id":"/providers/Microsoft.PowerApps/apps/","type":"Microsoft.PowerApps/apps","tags":{"primaryDeviceWidth":"640","primaryDeviceHeight":"1136","sienaVersion":"20200914T062841Z-3.20085.19.0","deviceCapabilities":"","supportsPortrait":"true","supportsLandscape":"false","primaryFormFactor":"Phone","publisherVersion":"3.20085.19","minimumRequiredApiVersion":"2.2.0","hasComponent":"false","hasUnlockedComponent":"false","isUnifiedRootApp":"false"},"properties":{"appVersion":"2020-09-14T06:28:41Z","lifeCycleId":"Published","createdByClientVersion":{"major":3,"minor":20085,"build":19,"revision":0,"majorRevision":0,"minorRevision":0},"minClientVersion":{"major":3,"minor":20085,"build":19,"revision":0,"majorRevision":0,"minorRevision":0},"backgroundColor":"rgba(208, 52, 56, 1)","backgroundImageUri":"/1209286443430019540/N07c652bf-25fd-4be5-bc83-91b770f3522e-logoSmallFile","displayName":"Franky's basketball shoes","description":"See which basketball shoes suit you the most","commitMessage":"","appUris":{"documentUri":{"value":"/1209286443430019540/Nf1a198f7-9916-4116-9e06-b22fd082f999-document.msapp","readonlyValue":"/1209286443430019540/Nf1a198f7-9916-4116-9e06-b22fd082f999-document.msapp"},"imageUris":[]},"createdTime":"0001-01-01T00:00:00Z","lastModifiedTime":"0001-01-01T00:00:00Z","sharedGroupsCount":0,"sharedUsersCount":0,"icons":{"smallIconUri":"/1209286443430019540/Nde6c8d18-2c25-441f-b7b0-aea7bcaea6bc-small.png","mediumIconUri":"/1209286443430019540/N495c04e0-bdcb-4871-ad62-5a727b2a4c0e-medium.png","largeIconUri":"/1209286443430019540/Nc0fcc0fd-18e5-4821-82dd-dd0f61b9579e-large.png","wideIconUri":"/1209286443430019540/N5ce4f069-7608-40ec-8956-bf7a0370e136-wide.png"},"connectionReferences":{"534028a1-ec33-45d2-b607-6ee3a4f2bcc0":{"id":"381c16d0-9e55-402d-ab09-4929f0230b72","displayName":"Excel","iconUri":"https://connectoricons-prod.azureedge.net/excel/icon_1.0.1352.2014.png","dataSources":["Table1"],"dependencies":["ae9fd77d-d7e0-40e2-b91a-7fabcac7eec6"],"dependents":[],"parameterHints":{"ae9fd77d-d7e0-40e2-b91a-7fabcac7eec6":{"value":"fileSource"}},"isOnPremiseConnection":false,"dataSets":{"b!YSYAObsI-ECTUV7IlEGBK2h4z-_XispMoZTQQK5hruEMyx3z_EZBRbypoCUFFv1w.01B6KHFZ6NEIZRLTXU2JHJ2R5AQC34TYFG":{"dataSources":{"Table1":{"tableName":"Table1"}}}},"apiTier":"Standard","isCustomApiConnection":false},"ae9fd77d-d7e0-40e2-b91a-7fabcac7eec6":{"id":"024ca24e-e939-44d4-91c6-f36379985446","displayName":"OneDrive for Business","iconUri":"https://connectoricons-prod.azureedge.net/onedriveforbusiness/icon_1.0.1341.1987.png","dataSources":[],"dependencies":[],"dependents":["534028a1-ec33-45d2-b607-6ee3a4f2bcc0"],"parameterHints":{},"isOnPremiseConnection":false,"dataSets":{},"apiTier":"Standard","isCustomApiConnection":false}},"databaseReferences":{},"almMode":"Environment","performanceOptimizationEnabled":true,"canConsumeAppPass":true},"isAppComponentLibrary":false,"appType":"ClassicCanvasApp","appComponents":[]}}